{
    "table":{
    "en": {
        "LANGUAGE_NAME": "English",
        "LANGUAGE": "Language",
        "INTERNET_CONNECTED": "Acabem de trobar Internet.",
        "INTERNET_DISCONNECTED": "Sembla que no ens podem connectar als servidors de Jackbox Games.<br />Comprova que la teva connexió a Internet funcioni correctament.",
        "ROOM_DESTROYED": "S'ha produït un error i la sala s'ha destruït.<br />Comprova que la teva connexió a Internet funcioni correctament.",
        "SOCKET_DISCONNECTED": "Hem perdut la connexió als servidors de Jackbox Games.",
        "TIMEOUT": "Sembla que no ens podem connectar als servidors de Jackbox Games.<br />Comprova que la teva connexió a Internet funcioni correctament.",
        "USER_DISCONNECT": "Ho sentim, el servidor t'ha desconnectat. Torna-ho a intentar, si us plau.",
        "LOST_LICENSE": "No hem trobat la llicència d'aquest contingut.",
        "STEAM_ERROR": "No hem pogut validar la teva llicència de Steam.",
        "TWITCH_PRIME_ERROR": "No hem pogut validar la teva llicència de Twitch Prime.",
        "LOST_DLC": "No hem trobat la llicència del teu DLC. Tornant al menú...",
        "START": "Començar",
        "SWITCH_USER": "Canviar Usuari",
        "LEGAL": "Creat i desenvolupat per Jackbox Games, Inc. Games and Software © 2018 Jackbox Games, Inc. Tots els drets reservats. Jackbox Games, YOU DON’T KNOW JACK, JACK ATTACK, el logo del cap de Jack, i el logo de Jackbox Games són marques registrades de Jackbox Games, Inc. Full Stream, Split the Room, Mad Verse City, Patently Stupid, Zeeple Dome, i Party Pack són marques de Jackbox Games, Inc. Totes les altres marques i logos són propietat dels seus respectius propietaris.",
        "LEGAL_CRIWARE": "Impulsat per \"CRIWARE\". CRIWARE és una marca de CRI Middleware Co., Ltd.",
        "LEGAL_FMOD": "Aquest producte utilitza FMOD Sound System de Firelight Technologies",
        "LEGAL_SCALEFORM": "Aquest producte de software inclou el software de Autodesk® Scaleform®, © 2012 Autodesk, Inc. Tots els drets reservats. <br/>Autodesk, Beast, HumanIK, i Scaleform són marques registrades o marques d'Autodesk, Inc., i/o els seus subsidiaris i/o afiliats als EEUU i/o altres països."
    },
    "fr": {
        "LANGUAGE_NAME": "Français",
        "LANGUAGE": "Langue",
        "INTERNET_CONNECTED": "We've just found the internet.",
        "INTERNET_DISCONNECTED": "We're sorry, we can't seem to connect to the Jackbox Games servers.<br />Please check that your internet connection is working properly.",
        "ROOM_DESTROYED": "We're sorry, your room was destroyed.<br />We'll get you a new one as soon as possible.",
        "SOCKET_DISCONNECTED": "We're sorry, we've lost your connection to the Jackbox Games servers, we're going to retry.",
        "TIMEOUT": "We're sorry, we can't seem to connect to the Jackbox Games servers.<br />Please check that your internet connection is working properly.",
        "LOST_LICENSE": "We're sorry, we lost the license for this content!",
        "STEAM_ERROR": "We're sorry, we couldn't validate your Steam license.",
        "START": "Démarrer",
        "SWITCH_USER": "Changer d'utilisateur",
        "LEGAL": "Développé par Jackbox Games, Inc. Jeu et logiciel © 2015 Jackbox Games, Inc. Tous droits réservés. Marques Jackbox Games et le logo Jackbox Games sont des marques de Jackbox Games, Inc. Quiplash et le logo Quiplash \\rsont des marques de Jackbox Games, Inc. Toutes les autres marques et logos sont la propriété de leurs propriétaires respectifs."
    },
    "it": {
        "LANGUAGE_NAME": "Italiano",
        "LANGUAGE": "Lingua",
        "INTERNET_CONNECTED": "We've just found the internet.",
        "INTERNET_DISCONNECTED": "We're sorry, we can't seem to connect to the Jackbox Games servers.<br />Please check that your internet connection is working properly.",
        "ROOM_DESTROYED": "We're sorry, your room was destroyed.<br />We'll get you a new one as soon as possible.",
        "SOCKET_DISCONNECTED": "We're sorry, we've lost your connection to the Jackbox Games servers, we're going to retry.",
        "TIMEOUT": "We're sorry, we can't seem to connect to the Jackbox Games servers.<br />Please check that your internet connection is working properly.",
        "LOST_LICENSE": "We're sorry, we lost the license for this content!",
        "STEAM_ERROR": "We're sorry, we couldn't validate your Steam license.",
        "START": "Cominciare",
        "SWITCH_USER": "Cambia utente",
        "LEGAL": "Sviluppato da Jackbox Games, Inc. gioco e un software © 2015 Jackbox Games, Inc. Tutti i diritti riservati. Marchi\\rJackbox Games e il logo Jackbox Games sono marchi registrati di Jackbox Games, Inc. Quiplash e il logo Quiplash\\rari marchi di Jackbox Games, Inc. Tutti gli altri marchi e loghi sono di proprietà dei rispettivi proprietari."
    },
    "de": {
        "LANGUAGE_NAME": "Deutsche",
        "LANGUAGE": "Sprache",
        "INTERNET_CONNECTED": "We've just found the internet.",
        "INTERNET_DISCONNECTED": "We're sorry, we can't seem to connect to the Jackbox Games servers.<br />Please check that your internet connection is working properly.",
        "ROOM_DESTROYED": "We're sorry, your room was destroyed.<br />We'll get you a new one as soon as possible.",
        "SOCKET_DISCONNECTED": "We're sorry, we've lost your connection to the Jackbox Games servers, we're going to retry.",
        "TIMEOUT": "We're sorry, we can't seem to connect to the Jackbox Games servers.<br />Please check that your internet connection is working properly.",
        "LOST_LICENSE": "We're sorry, we lost the license for this content!",
        "STEAM_ERROR": "We're sorry, we couldn't validate your Steam license.",
        "START": "Anfang",
        "SWITCH_USER": "Benutzer wechseln",
        "LEGAL": "Entwickelt von Jackbox Games, Inc. Game und Software © 2015 Jackbox Games, Inc. Alle Rechte vorbehalten.\\rJackbox Games und die Jackbox Games Logo sind eingetragene Warenzeichen der Jackbox Games, Inc. Quiplash und dem Quiplash logo\\rseltenen Marken von Jackbox Games, Inc. Alle anderen Marken und Logos sind Eigentum der jeweiligen Inhaber."
    },
    "es": {
        "LANGUAGE_NAME": "Español",
        "LANGUAGE": "idioma",
        "INTERNET_CONNECTED": "We've just found the internet.",
        "INTERNET_DISCONNECTED": "We're sorry, we can't seem to connect to the Jackbox Games servers.<br />Please check that your internet connection is working properly.",
        "ROOM_DESTROYED": "We're sorry, your room was destroyed.<br />We'll get you a new one as soon as possible.",
        "SOCKET_DISCONNECTED": "We're sorry, we've lost your connection to the Jackbox Games servers, we're going to retry.",
        "TIMEOUT": "We're sorry, we can't seem to connect to the Jackbox Games servers.<br />Please check that your internet connection is working properly.",
        "LOST_LICENSE": "We're sorry, we lost the license for this content!",
        "STEAM_ERROR": "We're sorry, we couldn't validate your Steam license.",
        "START": "Empezar",
        "SWITCH_USER": "Cambiar de usuario",
        "LEGAL": "Desarrollado por Jackbox Games, Inc. Juegos y Software © 2015 Jackbox Games, Inc. Todos los derechos reservados. Marcas\\rJackbox Games y el logotipo Jackbox Games son marcas registradas de Jackbox Games, Inc. Quiplash y el logotipo Quiplash\\rmarcas raras de Jackbox Games, Inc. Todas las otras marcas comerciales y logotipos son propiedad de sus respectivos dueños."
    }
}
}