{
    "table":{
    "en": {
        "LANGUAGE_NAME": "English",
        "LANGUAGE": "Language",
        "INTERNET_CONNECTED": "Hem tornat a trobar Internet.",
        "INTERNET_DISCONNECTED": "Ho sentim, no aconseguim connectar-nos amb els servidors de Jackbox Games.<br />Assegura't que la teva connexió funciona correctament.",
        "ROOM_DESTROYED": "Ho sentim, un error de connexió ha destruit la sala de joc.<br />Assegura't que la teva connexió funciona correctament.",
        "SOCKET_DISCONNECTED ": "Ho sentim, hem perdut la teva connexió amb els servidors de Jackbox Games.",
        "TIMEOUT": "Ho sentim, no aconseguim connectar-nos amb els servidors de Jackbox Games.<br />Assegura't que la teva connexió funciona correctament.",
        "USER_DISCONNECT": "Ho sentim, el servidor t'ha desconnectat. Torna-ho a intentar.",
        "LOST_LICENSE": "Ho sentim, hem perdut la llicència d'aquest contingut!",
        "STEAM_ERROR": "Ho sentim, no hem pogut validar la teva llicència de Steam.",
        "TWITCH_PRIME_ERROR": "Ho sentim, no hem pogut validar la teva llicència de Twitch Prime.",
        "LOST_DLC": "Ho sentim, no hem pogut trobar la llicència d'aquest DLC. Tornant al menú…",
        "BACK": "Enrere",
        "CLOSE": "Tanca",
        "CANCEL": "Cancela",
        "SELECT": "Selecciona",
        "OR": "O",
        "ON": "On",
        "NO": "No",
        "OFF": "Off",
        "HIDE": "Amaga",
        "UNHIDE": "Mostra",
        "JOIN": "Uneix-te!",
        "PLAY": "JUGA",
        "TMI": "JUGA",
        "SETTINGS": "OPCIONS",
        "LEADERBOARD": "CLASSIFICACIONS",
        "BACK_TO_PACK": "TORNA",
        "PLAY_DESCRIPTION": "Crea una sala i juga",
        "TMI_DESCRIPTION": "Play a brand new mode that's all about the players",
        "SETTINGS_DESCRIPTION": "Censura, audiència i més…",
        "LEADERBOARD_DESCRIPTION": "",
        "BACK_TO_PACK_DESCRIPTION": "Torna al Party Pack",
        "SETTINGS_TITLE": "OPCIONS",
        "LEADERBOARD_TITLE": "CLASSIFICACIONS",
        "CONNECTING": "Connectant amb els serveis de Jackbox Games",
        "CONNECTING_DELAY": "Està tardant més del normal…<br />Comprova la teva connexió a Internet.",
        "GO_TO": "Ves a",
        "JOIN_ON_YOUR_DEVICE": "en el teu dispositiu per unir-te",
        "ENTER_ROOM_CODE": "Posa el codi:",
        "POST_GAME_CHOICE_TITLE": "Que vols fer ara?",
        "EVERYBODY_S_IN": "Prem LLESTOS per començar!",
        "PRESS": "Prem",
        "TO_START": "per començar",
        "TO_CANCEL": "per cancelar",
        "TO_START_GAME": "per començar el joc",
        "TO_CANCEL_GAME": "per cancelar el joc",
        "JOIN_AUDIENCE": "Uneix-te a l'audiència!",
        "PLAY_AGAIN_WITH": "JUGA DE NOU AMB",
        "GO_AGAIN": "UNA ALTRA?",
        "SAME_PLAYERS": "MATEIXOS J.",
        "LOBBY_OR": "O",
        "NEW_PLAYERS": "NOUS J.",
        "FULL_SCREEN": "Pantalla Completa",
        "FULL_SCREEN_DESCRIPTION": "Posa el joc en pantalla completa.",
        "VOLUME": "Volum General",
        "VOLUME_DESCRIPTION": "Ajusta el volum global.",
        "VOLUME_HOST": "Volum de Veu",
        "VOLUME_HOST_DESCRIPTION": "Ajusta el volum del presentador.",
        "VOLUME_SFX": "Volum d'Efectes",
        "VOLUME_SFX_DESCRIPTION": "Ajusta el volum dels efectes de so.",
        "VOLUME_MUSIC": "Volum de Música",
        "VOLUME_MUSIC_DESCRIPTION": "Ajusta el volum de la música.",
        "FAMILY_FRIENDLY": "Family-Friendly",
        "FAMILY_FRIENDLY_DESCRIPTION": "ACTIVA per evitar el contingut més provocatiu… del joc. No podem controlar els jugadors.",
        "AUDIENCE": "AUDIÈNCIA",
        "AUDIENCE_MODE": "Audiència",
        "AUDIENCE_MODE_DESCRIPTION": "Activa per permetre que no-jugadors s'uneixin i afectin la partida.",
        "TWITCH_REQUIRED": "Demana Twitch",
        "TWITCH_REQUIRED_DESCRIPTION": "Requereix que els jugadors hagin iniciat sessió a Twitch.",
        "MANUAL_CENSORING": "Censura Manual",
        "MANUAL_CENSORING_DESCRIPTION": "Permet que el VIP (el primer jugador a entrar) censuri les respostes dels jugadors.",
        "POSTGAME_SHARING": "Compartició Post-partida",
        "POSTGAME_SHARING_DESCRIPTION": "Permet que els jugadors puguin compartir les respostes i moments d'aquest joc a les xarxes.",
        "START_GAMEPAD": "Comença el Joc amb Mando",
        "START_GAMEPAD_DESCRIPTION": "Els jocs es començaran amb un botó del mando, no amb els dispositius dels jugadors.",
        "MAX_PLAYERS": "Jugadors màxims",
        "MAX_PLAYERS_DESCRIPTION": "Nombre de jugadors que poden entrar a la partida fins que siguin posats a l'audiència.",
        "HIDE_ROOM_CODE": "Permet Ocultar Codi",
        "HIDE_ROOM_CODE_DESCRIPTION": "Permet que s'amagui el codi de la sala.",
        "CLOSED_CAPTION": "Subtítols",
        "CLOSED_CAPTION_DESCRIPTION": "Mostra subtítols (en anglès) en pantalla.",
        "SESSION_STATS": "Estadístiques de la Sessió",
        "SESSION_STATS_DESCRIPTION": "Estadístiques de la sessió actual (S'esborraran quan surtis del joc.)",
        "TWITCH_STATS": "Estadístiques de Twitch",
        "TWITCH_STATS_DESCRIPTION": "Estadístiques de les sessions amb Twitch (Es guarden encara que surtis del joc.)",
        "EXTENDED_TIMERS": "Temporitzadors extesos",
        "EXTENDED_TIMERS_DESCRIPTION": "Extendre els temporitzadors et donarà més temps per prendre decisions.",
        "PLAYER_NAME": "Nom de Jugador",
        "HIGH_SCORE": "Punt. Màxima",
        "AVERAGE_SCORE": "Punt. Mitjana",
        "GAMES_PLAYED": "Jocs Jugats",
        "GAMES_WON": "Jocs Guanyats",
        "PROBLEM": "PROBLEMA:",
        "TITLES": [
            "El Meu Invent",
            "Comlipuccdir",
            "Comlipuccdir 500",
            "La Cosa 200",
            "Aquella Cosa",
            "La Cosa Que Vols",
            "La Seguent Gran Cosa",
            "Invent #5",
            "Ho Necessites"
        ],
        
        "FILL_IN_THE_BLANK": "Omple l'espai!",
        "PROMPT": "Enunciat",
        "OF": "de",
        
        "YOU_WROTE": "Has escrit",
        "YOU_CHOSE": "Has triat: ",
        "PLAYER_CHOOSE_PROBLEM": "<div>Tria un Problema</div><div>per resoldre amb el teu Invent.</div>",
        "PLAYER_DRAW_PROBLEM": "<div>Dibuixa un invent</div><div>que soluciona el problema triat<span class='info-button'></span></div>",
        "PLAYER_DONE_WRITING": "Espera que els altres jugadors acabin d'escriure.",
        "PLAYER_DONE_CHOOSING": "Espera que els altres jugadors escullin.",
        "PLAYER_DONE_DRAWING": "Espera que els altres jugadors acabin de dibuixar.",
        "PLAYER_DONE_INVESTING": "Espera que els altres jugadors acabin d'invertir.",
        "PLAYER_WRITE_TITLE": "<div>Escriu un títol</div><div>pel teu invent</div>",
        "PLAYER_WRITE_TAGLINE": "<div>Escriu un eslògan</div><div>pel teu invent</div>",
        "PLAYER_CHOOSE_WHAT_TO_SHOW": "Tria que vols mostrar a continuació",
        "PLAYER_DONE_PRESENTING": "Has presentat el teu invent.",
        "UP_NEXT": "Tria una opció<br />al teu dispositiu.",
        "TITLE": "Mostra el Títol",
        "BLUEPRINT": "Mostra el Dibuix",
        "TAG_LINE": "Mostra l'Eslògan",
        "I_M_DONE": "Ja estic",
        "AUTOPLAY": "Presenteu per mi",
        "AUDIENCE_VOTE_RESULTS": "VOT DE L'AUDIÈNCIA",
        "AUDIENCE_VOTE": "Vota la teva opció",
        "AUDIENCE_VOTE_DONE": "Espera que els altres jugadors escullin.",
        "YOU_ARE_THE_AUTHOR": "Tu has escrit això. Espera que els altres jugadors escullin.",
        "HERE_ARE_THE_INVENTIONS": "Exposició d'Invents",
        "VOTE_NOW": "VOTA ARA!",
        "VOTE_FOR_YOUR_FAVORITE": "<div>Inverteix en el millor!</div><div>Inverteix <CHIP> en el <ORDER> invent!",
        "FAVORITE": "millor",
        "SECOND_FAVORITE": "segon millor",
        "THIRD_FAVORITE": "tercer millor",
        "AUDIENCE_VOTE_FOR_YOUR_FAVORITE": "Tria el teu invent preferit",
        "RESULTS": "VEGEM COM HO HEU FET",
        "YOU_RE_UP_NEXT": "Ets el Seguent!",
        "GET_READY": [
            "No et quedis en blanc.",
            "Posa't serio.",
            "Ho pots fer… potser.",
            "No la caguis.",
            "Bona sort! La necessitaras.",
            "Ja no et pots fer enrere!",
            "Ensenya'ls-hi com es fa!",
            "La teva hora de brillar!",
            "Estem nerviosos per tu!"
        ],
        "PRESENT_YOUR_IDEA": "Presenta la teva idea!",
        "PRESENT_INSTRUCTIONS": "És el teu torn de presentar l'invent!<br /><br />Vols presentar-lo tu mateix, o vols que el joc ho faci per tu?",
        "PRESENT_FOR_ME": "Presenta per mi",
        "LET_ME_HANDLE_IT": "Jo mateix presento",
        "PRESENTATION": "<div>Presenta la teva idea!</div><div>Pots controlar els elements que es mostren!<br />(En l'ordre que vulguis.)</div>",
        "WINNER": "GUANYADOR",
        "WINNERS": "GUANYADORS",
        
        "LIKE": "LIKE",
        "LIKES": "LIKES",
        "AUDIENCE_LABEL": "AUDIÈNCIA",
        "VOTES_LABEL": "VOTS",
        "CENSORED": "CENSURAT",
        "CENSOR": "Censura",
        "CENSOR_PRESENTATION": "Prem per saltar la presentació.",
        "YOU_CENSORED": "Has censurat.",
        "SKIPPING_PRESENTATION": "Saltant presentació.",

        "ERROR_MISSING_INPUT":"Siusplau omple totes les caselles.",
        "ERROR_NOT_CENSORABLE": "No es pot censurar.",

        "SKIP_TUTORIAL": "Prem això per saltar el tutorial…",
        "SKIP_INTRO": "Saltar Intro",
        "SKIP": "Saltar",
        "FOR_INFO": "per info",
        "CARD_JOKES": [
            "Have You Been Injured? | Call me and I’ll kiss your boo-boo! | (312)945-8352",
            "Donate Blood! | Or else my cyborg will never be “life-like.” | (312)945-8352",
            "Want A Tropical Summer Job? | Let me and my rich buddies hunt you for sport! | (312)945-8352",
            "Always Tired? | Maybe you got a tapeworm. $10 and I’ll check. | (312)945-8352",
            "Need Cash? How bad? | Would you burn down my dad’s house? | (312)945-8352",
            "Found: One Monkey’s Paw! | Call and ask for the rich guy who ironically lost it all. | (312)945-8352",
            "Need a kidney? | I’ve got six! | (312)945-8352",
            "Free Futon! | It’s been accused of crimes it didn’t commit! | ",
            "Guitar Lessons Wanted! | Teach me to be a guitar. | (312)945-8352",
            "Lost Cat! | Trying to Find Itself: Please suggest a religion/philosophy. | (312)945-8352",
            "Looking for Investors! | They got lost in the park. Answer to “Chet and Bill.” | (312)945-8352",
            "Psychic Consultation. | I’ll vaguely describe your life or your $$$ back!!! | (312)945-8352",
            "Free Mattress. | It’s stuck to the floor so it’s easier if you move in here. | (312)945-8352",
            "Missing Honk. | My car won’t honk anymore?? Where’s the honk??? If spotted: | (312)945-8352",
            "T89each me TO tyype | | (312)945-8:u7",
            "Horse For Sale. | Very nice horse, he just doesn’t feel comfortable in our home. | (312)945-8352",
            "Like to Exercise? | Please tell me why and how and mostly why. | (312)945-8352",
            "2 Cats Need A Home! | One of them is a person. | (312)945-8352",
            "Focus Group. | Learn to concentrate around other people. | (312)945-8352",
            "Seeking Caregiver. | Because I just don’t anymore. | (312)945-8352",
            "Feeling Tired? | Go to sleep, dummy. | (312)945-8352",
            "Garage Sale. | But we’re keeping the house. | (312)945-8352",
            "Tupperware Party. | You don’t have to buy anything, but at least pretend to consider it. | (312)945-8352",
            "French Speaker Wanted. | I’m trying to catfish this dude in Paris. | (312)945-8352",
            "Room for RENT. | A space is available if you want to stage the Broadway musical RENT.| (312)945-8352",
            "Free Cats! | Or exterminator wanted. | (312)945-8352", 
            "Need Cash? | Then quit playing them dang vidja games! | Signed, your grandfather",
            "Need Cash? | We buy molars!!! | (312)945-8352",
            "For Sale: | Horse diaper, never soiled. | (312)945-8352",
            "Exterior Decorator Wanted | Decorate everything that’s not in my house | (312)945-8352",
            "Drummer Wanted | I hate my neighbors | (312)945-8352",
            "Lost Phone! | If found please call 555-93… | wait a minute…",
            "Looking For Roommate! | This game of hide & seek is taking forever | (312)945-8352",
            "Free dog to good home! | $10 dog for mediocre home. | (312)945-8352",
            "Register to vote! | There’s no joke here just do it. |",
            "Neighborhood Watch! | Wouldn’t it be great if the whole neighborhood pitched in to buy a watch?! |",
            "Blood Drive Tomorrow! | But please only donate your own blood. | (312)945-8352",
            "Free Lawn Chairs! | Check Bill’s yard. He never locks them up. | (312)945-8352",
            "Learn CPR! | Swallow chicken bones without fear! | (312)945-8352",
            "Speed Dating! | It’s like a game show where everybody loses. | (312)945-8352",
            "Wine Tasting | Help me decide if this bottle is still good | (312)945-8352",
            "Babysitter Needed. | The baby cage was a stop gap measure at best. | (312)945-8352",
            "Dog Walker Wanted | But you can also jog if you want to | (312)945-8352",
            "Free Corkboard! | But not this one. | (312)945-8352",
            "Cooking Classes! | We meat on Tuesdays. We salad on Thursdays. | (312)945-8352",
            "Learn to Dance. | Then come teach me. | (312)945-8352",
            "Free puppies! | This time I swear they’re not rats wearing collars. | (312)945-8352",
            "Wanted: Roommate! | Must be tidy and think of alibis… quick!!! | (312)945-8352",
            "For Sale: | One Half of a Burial Plot. I can just scrunch up. | (312)945-8352",
            "Free Junk. From a Trunk. | What are we gonna do with all this junk here in this trunk? | (312)945-8352",
            "Remodeling Lessons | For those that failed the first modeling lessons | (312)945-8352",
            "Get Paid! | Then lend me $5 | (312)945-8352",
            "Do U Know Sign Language? | Does this red one say STOP? | (312)945-8352",
            "Got Mice? | I’ve got cheese!  This will work out great! | (312)945-8352",
            "Blood Drive | BYOB | (312)945-8352",
            "Donate Clothes! | But like, only cute stuff. | (312)945-8352",
            "Block Party! | No squares allowed… only blocks | (312)945-8352",
            "Professional DJ | My name is DJ, and it’s my job to be the best me I can be | (312)945-8352",
            "Community Dance | Do it, community!  Dance for me!  Dance! | (312)945-8352",
            "Learn Real Estate | It’s better than Fake Estate | (312)945-8352",
            "Need A Lawyer? | Me too! Let’s split one! | (312)945-8352",
            "Carpet Cleaning Wizard | Very, very specific magical abilities | (312)945-8352",
            "Twins Needed! | For a research project. Honestly, it’s going to get weird. | (312)945-8352"
        ],
        "POP_UP_TIPS": [
            "Quan estiguis encallat, ves a fer una passejada. Segueix caminant fins que no siguis terrible!",
            "Els calamars ajuden a pensar… probablement.",
            "Si li demanes al cervell que treballi més fort, potser funciona i tot.",
            "Prova a dibuixar amb els ulls tancats, però el cor obert.",
            "Si no se t'acudeix cap bona idea, intenta conjurar-ne alguna del regne del pensament!",
            "Els productes haurien de ser útils.",
            "La majoria de gent no són esquerrans. Assegura't que estàs dibuixant amb la dreta.",
            "Mai confonguis una bona idea amb una mala idea.",
            "Si creus que ets massa tonto per inventar, treu-te aquest pensament del cap! A no ser que siguis massa tonto per fer això també.",
            "Agafa un invent ja creat i ja està. Agafa'l, va.",
            "Quan les coses es posen dures… intenta tornar-te tou.",
            "Tu ets el teu pitjor enemic. Excepte potser aquell altre tio de darrere teu!",
            "a 9 de cada 10 experts segur que els hi agradarà el teu invent.",
            "Si t'agrada algun altre jugador o jugadora, ara és el moment perfecte per confessar-li",
            "Aquest joc accepta soborns.",
            "La teva ètica podria estar retenint una idea magnífica!",
            "Fallar és només tenir èxit però el contrari.",
            "Si la teva idea no és prou bona, simplement parla més fort.",
            "Mai admetis erorrs.",
            "Si no se t'acueix cap idea bona, fes-ne una de dolenta!",
            "Fer sorollets mentres treballes dona la impressió que estas treballant molt més dur.",
            "No ho pensis com dibuixar. Pensa-ho com cantar amb els teus dits.",
            "Ignora la pressió o ho faràs molt malament i tothom t'odiarà.",
            "Mai és un mal moment per fer trampes.",
            "Un ball introductori és una manera molt recomanada de començar la presentació.",
            "No facis el que estàs pensant de fer ara mateix.",
            "Imagina el teu jo exitós del futur. Llavors pregunta-li com s'ho ha fet per fer-se ric.",
            "Algú ja ha inventat la Forqullera. Ho sento.",
            "Demostrat científicament: no pots inventar sense tocar-te la barbeta pensativament.",
            "Beu aigua sovint!",
            "Que tal una cosa que fregeix coses? A la gent li agraden les coses fregides.",
            "Pinta una mica amb el subratllador, que sinó queda molt soso.",
            "Si no se t'acudeix res, no et preocupis. Tampoc teniem masses expectatives.",
            "No cal que siguis inteligent. També hi ha la opció de perdre.",
            "Simplement agafa aire, conta fins a 60, i se t'haurà acabat el temps.",
            "Necessitem una nova versió dels vàters. La necessitem.",
            "Crida “Sé que estas fent trampes!” i mira qui aixeca el cap.",
            "Deixa de llegir aquests consells i INVENTA!",
            "Utilitza el teu dit amb més forma de llapis per dibuixar.",
            "Posa't un objectiu!  Si no el compleixes, digues que l'objectiu era un altre!",
            "No t'estréssis! Probablement algú ho farà pitjor que tu!",
            "El temps pot no ser linear. Intenta quedar-te els mèrits per un invent que ja existeix.",
            "Recorda, la casa sempre guanya. Així que canvia't el nom per “La Casa.”",
            "No hi ha cap norma que digui que el teu gos no et pot fer el dibuix.",
            "Després d'això anem a fer una birra!",
            "Aprofita i copia dels altres assistents! Per això estàn!"
        ],
        "QUOTES": [
            "“No pots tenir una sortida de sol sense matar uns quants vampirs.”",
            "“Quan la cosa es posa difícil, abnandona. Ningú et recordarà de totes maneres.”",
            "“Roma no es va construir en un dia. Les amistats perdudes quan els guanyis de pallissa a aquest joc, tampoc.”",
            "“Quan la vida et dona llimones, tu hauries d'estar del pal ‘Perquè vull jo llimones, vida?”",
            "“Cada cop que sona una campana, un àngel mira el seu mòbil.”",
            "“La clau del suspens és…”",
            "“La paciència és la mare de la ciència, però mare meva sabies que el Jordi és el pare?”",
            "“Falles el 100% dels tiros que llances malament.”",
            "“Els errors són bons professors però terribles subdirectors.”",
            "“Mai miris enrere… O endavant… Les coses bones sempre passen a l'esquerra.”",
            "“On hi ha un testament, hi ha un certificat de mort.”",
            "“Ensenya'm un home rient, i jo t'ensenyaré el tio que he empès per causar-ho.”",
            "“Escala cada muntanya.  Neda en cada oceà.  I odia cada hater.”",
            "“El que no vulguis per tu no ho vulguis per ningú. Excepte copiar les idees dels altres. Això t'ho deixo fer.”",
            "“Algunes amistats duren per sempre. Altres duren fins que l'altre admet que li agrada la pizza amb pinya.”",
            "“No tinguis por a l'èxit.  Tingues por de les serps petites… i els matalassos vells.”",
            "“Darrere de cada gran persona, hi ha una altra persona, i una altra, i una altra, i si, així és com funcionen les cues.”",
            "“No subestimis la teva capacitat de fer estimacions… aproximadament.”",
            "“No provis de predir el futur, simplement espera que alguna cosa passi i digues ‘Ho sabia!’”",
            "“Cada família té la seva ovella negra. Si a la teva família creus que no en tens cap… És perquè és invisible.”",
            "“Mira a la persona de la teva esquerra. Ara la de la teva dreta. Continua fent-ho fins que una de les dos et doni un euro perquè paris.”",
            "“Deixa't una llibreta al llit per idees. Quan hagi estat buida durant un any, serà un molt bon argument per la teva parella en una discussió.”",
            "“Posa't unes metes tan altes que sigui casi impossible assolir-les. Després ves a buscar algo de menjar. T'ho has guanyat.”",
            "“El viatge més llarg comença amb un sol pas, seguit de una pila de passets diminuts. Per això és tan llarg el viatge.”",
            "“Apunta a la lluna. Si falles, podries impactar en una estrella… Cosa que és terrible, si saps algo sobre estrelles.”",
            "“Tothom té una cita amb el destí. A vegades simplement és una trobada casual prenent cafè, així que deixa que el destí mogui fitxa primer.”",
            "“Mica a mica, s'omple la pica. Així que ves-la vigilant que sinó hauras de netejar el vessament.”",
            "“La vida és 25% determinació i 100% no entendre com funcionen els percentatges.”",
            "“Pots fer realitat tots els teus somnis si et negues a despertar-te!”",
            "“La vida és com unes escales mecàniques… si no vas amb compte, podries perdre un dit del peu.”",
            "“Només estas limitat per la teva ment.  I el teu cos.  I l'altra gent.  I el temps…”",
            "“Els diners no creixen als arbres.  Són un arbust.”",
            "“L'única cosa impossible és escriure bé la paraula impossible.  No es pot.  És impossible.”",
            "“Bon dia. Ningú ho ha demanat però fa bon dia.”",
            "“Mai mai mai mai mai mai mai mai… He oblidat el que anava a dir.”",
            "“Sigues la millor versió de tu mateix que és la versió 4.”",
            "“ ‘Esperit d'equip’ és només una altra manera de dir ‘fantasma de grup’, que és aterrador.”",
            "“No pots només confiar en el teu talent, a no ser que el teu talent sigui fer trucs to flamas amb el skate.”",
            "“Qui no s'arrisca no pisca. Ningú s'ha preguntat què coi vol dir ‘pisca’?.”",
            "“Quan una porta es tanca, una altra s'obre. I una persona abandona casa seva pensant que està encantada.”",
            "“Les idees estúpides no existeixen. No, espera. Aquesta n'era una.”",
            "“Oblida el passat.  Segueix fent la mateixa cosa.  Funcionarà 100% segur aquest cop.”",
            "“No hauries d'estar treballant en comptes de llegir això?.”",
            "“Al final de cada arc de Sant Martí hi ha una persona fent-li una foto borrosa.”",
            "“Creu en tu mateix. A no ser que siguis Odin… probablement no existiries.”",
            "“Fes-ho. El no ja el tens. De fet, aquí el tens: no.”"
        ],
        "QUOTESPIRATION": "Frasinspiracional"
        
    },
    "fr": {},
    "it": {},
    "de": {},
    "es": {}
}
}
